link,name,type,release,song_id
http://pearljam.com/music/lyrics/all/all/20797/12_full,1/2 Full,PJ Original,Riot Act,9c4aea2c-f3aa-432c-93ec-f24cc150b3ac
http://pearljam.com/music/lyrics/all/all/21126/2000_mile_blues,"2,000 Mile Blues",PJ Original,Ten (Reissue),90db88b8-86aa-4ab4-be94-01667938c7ca
http://pearljam.com/music/lyrics/all/all/20798/25_minutes_to_go,25 Minutes To Go,Cover,Live At Benaroya Hall,f7fb30e1-30c9-4b89-be40-ba11cedf68b7
http://pearljam.com/music/lyrics/all/all/21502/99_problems_(with_jay-z),99 Problems (with Jay-Z),Performed with Other Artist,,b9a1f70d-626e-4737-920a-8e0c7f65ffd9
http://pearljam.com/music/lyrics/all/all/21100/a_sort_of_homecoming,A Sort Of Homecoming,Cover,,dfc54be0-e137-4c53-b8b5-21888bf18a51
http://pearljam.com/music/lyrics/all/all/21169/acoustic_#1_(demo),Acoustic #1 (demo),PJ Original,Pearl Jam Twenty,09a096ce-789d-4b8d-8df3-540352ea8359
http://pearljam.com/music/lyrics/all/all/20657/across_the_universe,Across The Universe,Cover,,c6eb4901-17b1-4933-ba2a-be8db2853e71
http://pearljam.com/music/lyrics/all/all/20799/act_of_love,Act Of Love,Cover,Mirror Ball,0bfad811-687b-42c3-be46-9497429d803c
http://pearljam.com/music/lyrics/all/all/22098/after_hours,After Hours,Cover,,f8856d7d-1c94-4414-9686-272ce4dec73a
http://pearljam.com/music/lyrics/all/all/20800/aint_nothing_to_do,Ain't Nothing to Do,Cover,,c5713e44-152d-4484-bc0d-4dc8a84fbb82
http://pearljam.com/music/lyrics/all/all/21151/aint_talkin_bout_love,Ain't Talkin 'Bout Love,Cover,,f033c7f9-240c-4af7-a1c8-3ecfa7a3cd6d
http://pearljam.com/music/lyrics/all/all/20801/alive,Alive,PJ Original,Alive,b6385101-281d-4712-8e18-ef02114a7132
http://pearljam.com/music/lyrics/all/all/20802/all_along_the_watchtower,All Along The Watchtower,Cover,,99065ed9-e73d-423c-bb6e-2f0e48fda874
http://pearljam.com/music/lyrics/all/all/22974/all_i_want_is_you,All I Want Is You,Cover,,3ae54002-fc77-48e8-8160-ca862947a64c
http://pearljam.com/music/lyrics/all/all/21044/all_night,All Night,PJ Original,Lost Dogs,5ddf6f40-4d65-49ff-bf30-326fb5fdf817
http://pearljam.com/music/lyrics/all/all/21162/all_night_thing,All Night Thing,Cover,,8ce39780-fa2b-4f13-b350-d1a675217003
http://pearljam.com/music/lyrics/all/all/20803/all_or_none,All Or None,PJ Original,Riot Act,6f5e4e7e-e22c-4248-a22f-74cf230ae298
http://pearljam.com/music/lyrics/all/all/21111/all_the_way,All The Way,PJ Original,Eddie Vedder- All The Way,ca464112-d00b-4dca-bdb3-5a546a5e8c50
http://pearljam.com/music/lyrics/all/all/20656/all_those_yesterdays,All Those Yesterdays,PJ Original,Yield,0be32e7f-a45e-4297-9486-44b9c1c1559b
http://pearljam.com/music/lyrics/all/all/20804/alone,Alone,PJ Original,Go,cd72538c-10d4-4e84-9c24-676592b98ae5
http://pearljam.com/music/lyrics/all/all/21004/american_in_me,American In Me,Cover,Pearl Jam: Live At Easy Street,93bcbb7d-e7d1-458a-9eb0-f5dc755217b9
http://pearljam.com/music/lyrics/all/all/20664/american_pie,American Pie,Cover,,c22f37b1-2ddd-4a85-987c-13024c15c6c7
http://pearljam.com/music/lyrics/all/all/21132/amongst_the_waves,Amongst The Waves,PJ Original,Backspacer,89f0b513-cf33-49a1-a0c6-643f655a8b7f
http://pearljam.com/music/lyrics/all/all/20662/androgynous_mind,Androgynous Mind,Cover,,317f786b-a9a5-470b-9de6-37604dc3e886
http://pearljam.com/music/lyrics/all/all/20805/angel,Angel,PJ Original,Holiday 1993,a00124bb-70c5-4f03-9e1b-702f53888771
http://pearljam.com/music/lyrics/all/all/20806/angie,Angie,Cover,,032481a7-382b-4582-be22-8a0e8f8639ef
http://pearljam.com/music/lyrics/all/all/20807/animal,Animal,PJ Original,Vs.,17115e6f-01d0-4b8f-828d-fc440913cb5b
http://pearljam.com/music/lyrics/all/all/20661/another_brick_in_the_wall,Another Brick In The Wall,Cover,,c42321a9-94a2-4899-adf5-dbce5c7c2c89
http://pearljam.com/music/lyrics/all/all/20808/arc,Arc,PJ Original,Riot Act,7c6ae0e7-1f70-4ea0-8fb5-fbc5fd0013d0
http://pearljam.com/music/lyrics/all/all/21152/arms_aloft,Arms Aloft,Cover,Live on Ten Legs,f3cb3f59-5750-4e4a-9b94-d42fc76ddac8
http://pearljam.com/music/lyrics/all/all/21085/army_reserve,Army Reserve,PJ Original,Pearl Jam,469c09e1-bbce-4f87-bf31-6871de1a9f60
http://pearljam.com/music/lyrics/all/all/20809/around_the_bend,Around The Bend,PJ Original,No Code,d18f45cc-68a2-4e2c-8ddf-6ab458072de3
http://pearljam.com/music/lyrics/all/all/21091/atomic_dog,Atomic Dog,Cover,,66fe157c-84c3-473d-beb0-492d126e1931
http://pearljam.com/music/lyrics/all/all/20659/away_from_work,Away from Work,Cover,,5bfbd112-e7c6-42e2-8016-abaf39e03c82
http://pearljam.com/music/lyrics/all/all/21054/aye_davanita,Aye Davanita,PJ Original,Vitalogy,4c7dd0c6-be69-48ef-b8dc-8b6288efc234
http://pearljam.com/music/lyrics/all/all/20810/baba_oriley,Baba O'Riley,Cover,Live At The Garden,ca50e8dd-1333-4693-84dc-0e7eb081ebfe
http://pearljam.com/music/lyrics/all/all/20811/baby_beluga,Baby Beluga,Cover,,516fb2a8-df34-407d-b1e8-9669ec10d235
http://pearljam.com/music/lyrics/all/all/21033/bad,Bad,Cover,,13334a65-5184-43e9-a370-176226765422
http://pearljam.com/music/lyrics/all/all/20812/bad_mouth_improv,Bad Mouth improv,PJ Original,,c37d1060-1ac6-405a-a2e0-8a6cf4c0d4dd
http://pearljam.com/music/lyrics/all/all/21171/be_like_wind,Be Like Wind,Cover,Pearl Jam Twenty,fa8eac2f-f72f-4295-837f-b41783cd5966
http://pearljam.com/music/lyrics/all/all/20813/beast_of_burden,Beast of Burden,Cover,,0648296b-9e9c-45a6-a5cc-191ad94e1c4a
http://pearljam.com/music/lyrics/all/all/20665/beautiful_way,Beautiful Way,Cover,,bc5b12e5-4741-459f-b561-8f9b77be1a55
http://pearljam.com/music/lyrics/all/all/21102/beds_are_burning,Beds Are Burning,Cover,,06de1de1-a9b4-402a-98d5-6aed2c243d0e
http://pearljam.com/music/lyrics/all/all/20814/bee_girl,Bee Girl,PJ Original,Lost Dogs,b07152bb-694c-4247-a52c-9c0e9f8b0dd8
http://pearljam.com/music/lyrics/all/all/20660/beginning_to_see_the_light,Beginning to See The Light,Cover,,bad83381-a368-47d6-9848-6a635ff22551
http://pearljam.com/music/lyrics/all/all/20663/behind_blue_eyes,Behind Blue Eyes,Cover,,416991d1-e77c-4c7c-85a3-d93f09a4374b
http://pearljam.com/music/lyrics/all/all/21141/ben,Ben,Cover,,178435ed-2a14-4b46-a891-d5f9275c522b
http://pearljam.com/music/lyrics/all/all/21147/better_be_home_soon,Better Be Home Soon,Cover,,370c386c-d89e-4e43-9a6a-b321b7cb3252
http://pearljam.com/music/lyrics/all/all/20815/better_man,Better Man,PJ Original,Vitalogy,ec65b624-0d37-4ad4-a0b4-3b56bfe1e8ff
http://pearljam.com/music/lyrics/all/all/21412/better_things,Better Things,Cover,,04ed078e-ac0a-4a56-8593-277fc2a5cb54
http://pearljam.com/music/lyrics/all/all/21058/big_green_country,Big Green Country,Cover,Mirror Ball,a21e0ccb-32fb-4123-9cc6-41c47c390da8
http://pearljam.com/music/lyrics/all/all/21083/big_wave,Big Wave,PJ Original,Pearl Jam,de89d18c-c74f-421b-a4ba-6e0151e5d9d9
http://pearljam.com/music/lyrics/all/all/20816/black,Black,PJ Original,Ten,5399f61b-2da6-4460-93eb-56b0a48b92e3
http://pearljam.com/music/lyrics/all/all/21109/black_diamond,Black Diamond,Cover,,f856a609-45b7-4a75-9e43-4a5be5dd9e5a
http://pearljam.com/music/lyrics/all/all/20658/black_red_yellow,Black Red Yellow,PJ Original,Lost Dogs,5b32a93a-78b8-4bb3-b827-62cde994614c
http://pearljam.com/music/lyrics/all/all/20817/bleed_for_me,Bleed For Me,Cover,Pearl Jam: Live At Easy Street,d6904ba6-6e09-484c-a0b7-49698eb9d2b3
http://pearljam.com/music/lyrics/all/all/20666/blitzkrieg_bop,Blitzkrieg Bop,Cover,,7f54e7f2-0806-4291-b31f-57523df5ad5b
http://pearljam.com/music/lyrics/all/all/20818/blood,Blood,PJ Original,Vs.,7390ec02-35fe-4a96-b6b3-aacb38205732
http://pearljam.com/music/lyrics/all/all/20819/blue_red_and_grey,Blue Red and Grey,Cover,,e79dc686-a9a5-4ef4-be26-04c4b8322962
http://pearljam.com/music/lyrics/all/all/20667/bradford_jam,Bradford Jam,Cover,,1108cd73-ca06-422b-8585-1fe4d9e11609
http://pearljam.com/music/lyrics/all/all/21155/brain_damage,Brain Damage,Cover,,6012de36-3027-443c-bd95-d1ad1a1fb67f
http://pearljam.com/music/lyrics/all/all/20820/brain_of_j,Brain Of J.,PJ Original,Yield,02cc0e8b-1c11-4a4d-a6fb-acefae14552b
http://pearljam.com/music/lyrics/all/all/20821/brass_in_pocket,Brass in Pocket,Cover,,a06edc39-a453-4c5a-83b3-8fad09efbbf3
http://pearljam.com/music/lyrics/all/all/20822/breakerfall,Breakerfall,PJ Original,Binaural,688b51e6-a230-48e4-b4a0-a77a57156b57
http://pearljam.com/music/lyrics/all/all/20823/breath,Breath,PJ Original,Singles,918f44da-30e8-4f61-8f39-f23c5123071f
http://pearljam.com/music/lyrics/all/all/21127/breath_and_a_scream,Breath And A Scream,PJ Original,Ten (Reissue),040b4249-b575-4ae4-9397-8c8332a1d4e2
http://pearljam.com/music/lyrics/all/all/20824/brother,Brother,PJ Original,Lost Dogs,6594901c-44ab-42d3-b166-0c5f1a9a4cd1
http://pearljam.com/music/lyrics/all/all/20825/buhleaguer,Bu$hleaguer,PJ Original,Bu$hleaguer,33440988-e3f5-46f7-8224-3d7567f01a23
http://pearljam.com/music/lyrics/all/all/21053/bugs,Bugs,PJ Original,Vitalogy,f8014dd3-bb55-48e3-9a22-f37fddebf7be
http://pearljam.com/music/lyrics/all/all/20668/bull_in_the_heather,Bull in The Heather,Cover,,0e19ebed-5d71-4249-9491-45c7404cb8f3
http://pearljam.com/music/lyrics/all/all/20826/call_me_a_dog,Call Me a Dog,Cover,,0c2a7440-97d4-45f3-8c96-20e997d0c7cc
http://pearljam.com/music/lyrics/all/all/20827/cant_change_me,Can't Change Me,Cover,,a2dbb993-250c-4d23-ba07-860c338b0e65
http://pearljam.com/music/lyrics/all/all/20828/cant_explain,Can't Explain,Cover,,7bc45b60-2ee6-47d7-8908-74b001b887bf
http://pearljam.com/music/lyrics/all/all/20829/cant_help_falling_in_love,Can't Help Falling In Love,Cover,Holiday 2000,88f69f3b-7882-4c6e-89e1-628234a5cbb3
http://pearljam.com/music/lyrics/all/all/20830/cant_keep,Can't Keep,PJ Original,Riot Act,011fd9ae-3d12-4968-b38f-96354a6ac4fc
http://pearljam.com/music/lyrics/all/all/20669/candle_in_the_wind,Candle in The Wind,Cover,,486573ad-839e-4de5-8dc4-21f5e969432b
http://pearljam.com/music/lyrics/all/all/20831/chloe_dancercrown_of_thorns,Chloe Dancer/Crown of Thorns,Cover,,3ada8c41-b013-4687-8a3c-8c2266d44de5
http://pearljam.com/music/lyrics/all/all/20670/cinnamon_girl,Cinnamon Girl,Cover,,01ea1a41-6e2d-4480-b26f-da0a73ec857d
http://pearljam.com/music/lyrics/all/all/21077/comatose,Comatose,PJ Original,Pearl Jam,50c01b48-1508-445a-a451-07e05c2dc11c
http://pearljam.com/music/lyrics/all/all/21084/come_back,Come Back,PJ Original,Pearl Jam,f7726cb7-db59-44a9-97ac-8298f6b3e639
http://pearljam.com/music/lyrics/all/all/22784/comfortably_numb,Comfortably Numb,Cover,,afae03b7-a4bb-46cb-a93e-91a56143de8d
http://pearljam.com/music/lyrics/all/all/20832/corduroy,Corduroy,PJ Original,Vitalogy,d12455e6-f88c-4f97-aa27-a5a8ab5cb308
http://pearljam.com/music/lyrics/all/all/20833/cortez_the_killer,Cortez The Killer,Cover,,7786cc3c-65cf-4b0f-a12c-73022b6a180e
http://pearljam.com/music/lyrics/all/all/21154/cowboy_song,Cowboy Song,Cover,,44a277ca-88b6-4192-b8a3-e23617c15a5c
http://pearljam.com/music/lyrics/all/all/20834/crapshoot,Crapshoot,Cover,,e0833fb6-b978-4517-aab9-d1604256e521
http://pearljam.com/music/lyrics/all/all/20835/crazy_mary,Crazy Mary,Cover,Sweet Relief - A Benefit for Victoria Williams,839d3594-a3e6-404e-afda-e596bfdefd2a
http://pearljam.com/music/lyrics/all/all/21160/cready_stomp,Cready Stomp,PJ Original,Vs. and Vitalogy - 20th Anniversary Editions,8db3400b-bab7-4061-8283-009999f6fd16
http://pearljam.com/music/lyrics/all/all/20836/cropduster,Cropduster,PJ Original,Riot Act,dae454a8-8ce2-4b05-a563-4881c06fc3c4
http://pearljam.com/music/lyrics/all/all/20837/crown_of_thorns,Crown Of Thorns,Cover,Holiday 2000,950732cd-edfa-42a0-be44-909055c91f23
http://pearljam.com/music/lyrics/all/all/21158/dancing_barefoot,Dancing Barefoot,Cover,,e31442fa-4584-4883-9209-738847ffee9c
http://pearljam.com/music/lyrics/all/all/22956/dangerous_business,Dangerous Business,Cover,,2ef3ba81-fdfb-4d76-9357-f333123d8d04
http://pearljam.com/music/lyrics/all/all/20838/daughter,Daughter,PJ Original,Vs.,62e4eba0-5a09-4adf-a29b-9decd5792e0b
http://pearljam.com/music/lyrics/all/all/20839/daytime_dilemma,Daytime Dilemma,Cover,,04784a24-3a0b-4d1d-beec-5344e9c0ce38
http://pearljam.com/music/lyrics/all/all/21149/dead_flowers,Dead Flowers,Cover,,4e225500-0ede-4ba5-a789-c8898b5a4d89
http://pearljam.com/music/lyrics/all/all/20840/dead_man_walking,Dead Man Walking,PJ Original,Off He Goes,20c43583-43ff-4b3f-8969-6e5019026a5b
http://pearljam.com/music/lyrics/all/all/20841/deep,Deep,PJ Original,Ten,c07ba45b-999c-45b9-8c7b-4e84def2cfca
http://pearljam.com/music/lyrics/all/all/20671/dig_me_out,Dig Me Out,Cover,,48ebda35-6259-466b-8348-1e5b627348a4
http://pearljam.com/music/lyrics/all/all/20672/dirty_deeds_done_dirt_cheap,Dirty Deeds Done Dirt Cheap,Cover,,2aed5234-c18f-4b56-b3b3-e586ccfea7af
http://pearljam.com/music/lyrics/all/all/20673/dirty_frank,Dirty Frank,PJ Original,Lost Dogs,74fc8820-56cc-4b0f-9d34-9c77c2fa8409
http://pearljam.com/music/lyrics/all/all/20842/dirty_frank_ramblings,Dirty Frank ramblings,Cover,,ce3695c0-227d-4e60-b85a-e2828b78e039
http://pearljam.com/music/lyrics/all/all/20843/dissident,Dissident,PJ Original,Vs.,273608da-2167-405b-9d36-eb79ec0c15d7
http://pearljam.com/music/lyrics/all/all/20844/do_the_evolution,Do The Evolution,PJ Original,Yield,0d51a39d-fe0b-4085-b1c9-f3913adf3515
http://pearljam.com/music/lyrics/all/all/20674/do_you_feel_lucky,Do You Feel Lucky,Cover,,82c74cc3-ffa6-4c39-9468-e7e65d1d9dba
http://pearljam.com/music/lyrics/all/all/20845/dock_of_the_bay,Dock of The Bay,Cover,,6da35282-5253-486e-a651-1d1b066c05fb
http://pearljam.com/music/lyrics/all/all/20675/dolly_dagger,Dolly Dagger,Cover,,38d78675-5b20-4857-bb4d-05490781d7c2
http://pearljam.com/music/lyrics/all/all/20846/dont_be_shy,Don't Be Shy,Cover,,46695712-c2ed-4413-8db2-32c54d95a097
http://pearljam.com/music/lyrics/all/all/20847/dont_believe_in_christmas,Don't Believe in Christmas,Cover,Holiday 2002,de5b21cd-56f8-4379-a263-d281532183a7
http://pearljam.com/music/lyrics/all/all/20848/dont_drive_me,Don't Drive Me,Cover,,44822675-6b05-40af-a891-8bd767cced64
http://pearljam.com/music/lyrics/all/all/21040/dont_gimme_no_lip,Don't Gimme No Lip,PJ Original,Lost Dogs,26a57d7b-f8d4-4c12-8b27-69274409e8ad
http://pearljam.com/music/lyrics/all/all/20676/dont_let_me_down,Don't Let Me Down,Cover,,0b0801a0-f432-4964-964b-1fdb51b680f8
http://pearljam.com/music/lyrics/all/all/20677/dont_let_the_sun_catch_you_crying,Don't Let The Sun Catch You Crying,Cover,,e7463782-1422-42be-b2c7-64574d01b8f8
http://pearljam.com/music/lyrics/all/all/20849/down,Down,PJ Original,Bu$hleaguer,f39550da-1c14-4f67-b5b2-4da91be8b04e
http://pearljam.com/music/lyrics/all/all/21060/downtown,Downtown,Cover,Mirror Ball,be44b65b-7eda-4394-b9ec-e1f93dfceea0
http://pearljam.com/music/lyrics/all/all/20678/dream_baby_dream,Dream Baby Dream,Cover,,c6ede794-21e8-456c-beb4-3c660d5debf4
http://pearljam.com/music/lyrics/all/all/20850/driftin,Driftin',PJ Original,Holiday 1999,e66c1392-1e70-471b-856f-087c2657e1aa
http://pearljam.com/music/lyrics/all/all/20851/driven_to_tears,Driven To Tears,Cover,,a0387a7b-6a36-48f1-ad69-a8e0a9d0ebdd
http://pearljam.com/music/lyrics/all/all/20679/dueling_banjos,Dueling Banjos,Cover,,bb69d87c-9e79-4c5f-aefc-c0d7e3f75884
http://pearljam.com/music/lyrics/all/all/21049/education,Education,PJ Original,Lost Dogs,ce69106d-f536-4c67-ac1c-31063e4c1ca1
http://pearljam.com/music/lyrics/all/all/20852/elderly_woman_behind_the_counter_in_a_small_town,Elderly Woman Behind The Counter In A Small Town,PJ Original,Vs.,477a80bd-4906-4547-b60d-d1ce65c467aa
http://pearljam.com/music/lyrics/all/all/21034/eleanor_rigby,Eleanor Rigby,Cover,,9c18386a-6851-4ef0-ae12-46cdccde05f2
http://pearljam.com/music/lyrics/all/all/20680/empire_carpet_song,Empire Carpet song,Cover,,ab3c2647-c093-4ef7-80e4-9c285007998a
http://pearljam.com/music/lyrics/all/all/21121/end_of_the_road,End of the Road,Cover,Into The Wild,4959cb41-1fbf-4962-898d-71042aea2495
http://pearljam.com/music/lyrics/all/all/21438/eruption,Eruption,Cover,,e23ed6b5-73f2-4947-9fa7-4439701dcfe3
http://pearljam.com/music/lyrics/all/all/20853/evacuation,Evacuation,PJ Original,Binaural,017064d7-5794-4cbe-aed3-29f4e852c3be
http://pearljam.com/music/lyrics/all/all/20854/even_flow,Even Flow,PJ Original,Ten,c3b0c01b-894e-4678-9c58-50959132c23a
http://pearljam.com/music/lyrics/all/all/20855/everyday,Everyday,Cover,,ed94fa28-94ba-410d-896b-fe05bfbd868a
http://pearljam.com/music/lyrics/all/all/20856/everyday_people,Everyday People,Cover,,031b4f11-c2c8-4c86-9880-c92f51bdcf03
http://pearljam.com/music/lyrics/all/all/21125/evil_little_goat,Evil Little Goat,PJ Original,Ten (Reissue),1a712bca-2331-4b82-b3e6-86c302962952
http://pearljam.com/music/lyrics/all/all/20857/faithfull,Faithfull,PJ Original,Yield,0d94e7db-bf83-4a39-9451-348bf37db537
http://pearljam.com/music/lyrics/all/all/21063/fallen_angel,Fallen Angel,Cover,Mirror Ball,92e9e263-34c4-455d-871c-fb923f2f3f2e
http://pearljam.com/music/lyrics/all/all/20858/falling_down,Falling Down,Cover,,f31113fc-07c4-40a9-8744-c488d5fead6f
http://pearljam.com/music/lyrics/all/all/20681/fame,Fame,Cover,,783bce4c-9f18-45f8-9163-073480335881
http://pearljam.com/music/lyrics/all/all/21114/far_behind,Far Behind,Cover,Into The Wild,b73b5f9d-3921-47bd-ba0c-ea8c2fa642a3
http://pearljam.com/music/lyrics/all/all/20859/fatal,Fatal,PJ Original,Lost Dogs,dcc27c09-f85d-4eef-a62e-061f82d6d7e3
http://pearljam.com/music/lyrics/all/all/21041/fool_in_the_rain,Fool In The Rain,Cover,,315cfa5f-4d1a-4a10-9ff8-c72e0630b6a7
http://pearljam.com/music/lyrics/all/all/20682/footsteps,Footsteps,PJ Original,Jeremy,99970694-7880-4f6d-adb8-5277007d2a36
http://pearljam.com/music/lyrics/all/all/21138/force_of_nature,Force of Nature,PJ Original,Backspacer,eac2872d-abb3-480a-ac22-f4d10606ed14
http://pearljam.com/music/lyrics/all/all/20860/forever_in_blue_jeans,Forever in Blue Jeans,Cover,,620db873-9c39-43c7-96d0-262f6bcbd0a1
http://pearljam.com/music/lyrics/all/all/21092/forever_young,Forever Young,Cover,,75ac892d-1393-4bc0-a7de-b26cc38a7a1f
http://pearljam.com/music/lyrics/all/all/20861/fortunate_son,Fortunate Son,Cover,,05958cb1-6934-454f-b79d-8a45b4ae2180
http://pearljam.com/music/lyrics/all/all/20862/four-walled_world,Four-Walled World,Cover,,a1358a3c-21d7-427c-8986-0e16e171b41f
http://pearljam.com/music/lyrics/all/all/20863/free_jazz,Free Jazz,Cover,,5554b19c-88ba-474a-b17b-643a54b0e16b
http://pearljam.com/music/lyrics/all/all/20683/fuck_me_in_the_brain,Fuck Me in The Brain,PJ Original,,a69bad8b-f8e5-468c-b2a8-62b2cf182538
http://pearljam.com/music/lyrics/all/all/20684/fuck_the_police_jam,Fuck The Police Jam,Cover,,c8ad24c5-31db-46d8-98ba-e195df42c15e
http://pearljam.com/music/lyrics/all/all/20685/fuckin_up,Fuckin' Up,Cover,Live On Two Legs,e4f00337-b3b9-42e7-b713-a2de9f95f0d0
http://pearljam.com/music/lyrics/all/all/20686/funky_crime,Funky Crime,Cover,,0b247775-ed12-4ef3-b4ec-7e24e6960cc1
http://pearljam.com/music/lyrics/all/all/21883/future_days,Future Days,PJ Original,Lightning Bolt,ab434833-e804-40f2-a98d-63453645d197
http://pearljam.com/music/lyrics/all/all/20864/garden,Garden,PJ Original,Ten,200c9eec-e1a5-4893-9baf-47d38e7fee5a
http://pearljam.com/music/lyrics/all/all/20865/get_right,Get Right,PJ Original,Riot Act,4244d0c2-b563-40d3-ab7d-aae2e3304b00
http://pearljam.com/music/lyrics/all/all/21986/getaway,Getaway,PJ Original,Lightning Bolt,c426461f-2c1b-4f46-ab47-0cdaac24cab0
http://pearljam.com/music/lyrics/all/all/20866/ghost,Ghost,PJ Original,Riot Act,413f1568-6e3f-481a-8c6e-ab960c77fb8a
http://pearljam.com/music/lyrics/all/all/20687/gimme_shelter,Gimme Shelter,Cover,,fff691f5-4517-4f51-a673-b5fa2f4df94c
http://pearljam.com/music/lyrics/all/all/20867/gimme_some_truth,Gimme Some Truth,Cover,Holiday 2001,03505c10-efca-49de-96b2-c0b63cb7df94
http://pearljam.com/music/lyrics/all/all/20868/girls_eyes,Girl's Eyes,Cover,,fcd0c981-318c-4845-879d-41282f62d2b3
http://pearljam.com/music/lyrics/all/all/20688/girls_just_want_to_have_fun,Girls Just Want To Have Fun,Cover,,82ed3e55-8d30-4cb5-bc71-e2476c15ed25
http://pearljam.com/music/lyrics/all/all/20869/give_peace_a_chance_singalong,Give Peace A Chance singalong,Cover,,ae7d97f4-a8df-4ab9-a1be-7c41af7c3815
http://pearljam.com/music/lyrics/all/all/20870/given_to_fly,Given To Fly,PJ Original,Yield,a18baf45-d776-479e-b718-7ddb199f4410
http://pearljam.com/music/lyrics/all/all/20871/glorified_g,Glorified G,PJ Original,Vs.,626823e3-5761-43fc-b65d-8d21485e0820
http://pearljam.com/music/lyrics/all/all/20872/go,Go,PJ Original,Vs.,50d46b65-5c06-4696-a7cd-43276fe41f94
http://pearljam.com/music/lyrics/all/all/20689/go_away_little_girl,Go Away Little Girl,Cover,,516efd10-8635-41a0-91c8-438253dd36b9
http://pearljam.com/music/lyrics/all/all/20873/gods_dice,Gods' Dice,PJ Original,Binaural,4b518776-fec5-4b8d-ab73-d8aad970a5e6
http://pearljam.com/music/lyrics/all/all/21150/goin_back_to_indiana,Goin' Back To Indiana,Cover,,d9d1a0ee-3f49-4d67-bf53-2fa36cd0b4d1
http://pearljam.com/music/lyrics/all/all/21088/going_to_california,Going To California,Cover,,76e4e6d8-a10e-4976-a5fa-f634c3b52705
http://pearljam.com/music/lyrics/all/all/21140/golden_state,Golden State,Cover,Holiday 2008,562831cc-32fc-42db-b1af-45931463690b
http://pearljam.com/music/lyrics/all/all/20690/golden_years,Golden Years,Cover,,9da5e5d5-ed43-40a7-be3f-34c6798e1235
http://pearljam.com/music/lyrics/all/all/21038/gone,Gone,PJ Original,Holiday 2005,b5c356e6-12a1-4e29-be59-2cbe21d0932e
http://pearljam.com/music/lyrics/all/all/21133/gonna_see_my_friend,Gonna See My Friend,PJ Original,Backspacer,df20ea5a-eb2a-4d9a-a922-582f14bc6b72
http://pearljam.com/music/lyrics/all/all/22939/good_woman,Good Woman,Cover,,499dd4bf-df26-4d90-a45c-a33fdc7eadd6
http://pearljam.com/music/lyrics/all/all/21129/got_some,Got Some,PJ Original,Backspacer,896d03e7-f624-4127-aedd-117904cad5d6
http://pearljam.com/music/lyrics/all/all/20691/grammar_rock,Grammar Rock,Cover,,37b07856-9c2a-4838-8b89-9fc3a11a20e4
http://pearljam.com/music/lyrics/all/all/20874/green_disease,Green Disease,PJ Original,Riot Act,df73bb2a-58f0-442b-b333-a4d0607ceddb
http://pearljam.com/music/lyrics/all/all/21045/gremmie_out_of_control,Gremmie Out of Control,Cover,Music For Our Mother Ocean,3483a5db-632e-4100-a88f-60e5fa50522b
http://pearljam.com/music/lyrics/all/all/20875/grievance,Grievance,PJ Original,Binaural,1d494526-de81-40d2-a483-57bf825d5976
http://pearljam.com/music/lyrics/all/all/20876/growin_up,Growin' Up,Cover,,3720edd3-c576-4add-8aa6-d5be73631491
http://pearljam.com/music/lyrics/all/all/20877/guantanamera,Guantanamera,Cover,,a966b28f-ed92-4de6-aff5-d45909ef34a5
http://pearljam.com/music/lyrics/all/all/21122/guaranteed,Guaranteed,Cover,Into The Wild,c7eaa534-c87f-4b9f-bf38-71f457defc57
http://pearljam.com/music/lyrics/all/all/20878/habit,Habit,PJ Original,No Code,5d0f4448-b122-4ebc-858e-bd47908c6a0b
http://pearljam.com/music/lyrics/all/all/20879/hail_hail,"Hail, Hail",PJ Original,No Code,f166ecb9-c4ec-4575-b7a6-df388cd6dc28
http://pearljam.com/music/lyrics/all/all/20692/happy_birthday,Happy Birthday,Cover,,7d3e7d5d-f3c5-4127-89ad-6b76b8dffe10
http://pearljam.com/music/lyrics/all/all/20880/happy_birthday_(jeff),Happy Birthday (Jeff),Cover,,7b3bfd7e-68a9-4e73-9bd9-03786a286417
http://pearljam.com/music/lyrics/all/all/20881/happy_birthday_(mike),Happy Birthday (Mike),Cover,,3ee3dd4c-0ecd-4937-9792-e3536f96e503
http://pearljam.com/music/lyrics/all/all/20882/happy_birthday_(neil_young),Happy Birthday (Neil Young),Cover,,53ea55b5-63e1-421d-b2bc-31abd7df8e89
http://pearljam.com/music/lyrics/all/all/20883/happy_birthday_(stone),Happy Birthday (Stone),Cover,,098a5d1b-f644-4a61-8b54-0d2f2498932c
http://pearljam.com/music/lyrics/all/all/20884/happy_trails,Happy Trails,Cover,,352f1611-d7f6-40ef-ba16-cbc88fe7d1b6
http://pearljam.com/music/lyrics/all/all/21072/happy_when_im_crying,Happy When I'm Crying,Cover,Holiday 1997,9a9c0002-cba7-4b80-b182-233f5bc4d894
http://pearljam.com/music/lyrics/all/all/21118/hard_sun,Hard Sun,Cover,Into The Wild,7a78d9a5-a01d-4591-a2cf-8cc1b2d15c4d
http://pearljam.com/music/lyrics/all/all/20693/hard_times_are_over,Hard Times Are Over,Cover,,beaa8718-ced5-4885-b068-ad1be825635e
http://pearljam.com/music/lyrics/all/all/20694/hard_to_imagine,Hard To Imagine,PJ Original,Chicago Cab,cbf9f97c-e67f-418e-ac73-3804217a2a9f
http://pearljam.com/music/lyrics/all/all/20885/harvest_moon,Harvest Moon,Cover,,ecbf89a5-b91d-413e-a1c2-1c8d132da7bd
http://pearljam.com/music/lyrics/all/all/21104/hawaii_78,Hawaii '78,Cover,,b0196031-5d0a-41ed-bc8d-133270e8efcd
http://pearljam.com/music/lyrics/all/all/21106/hawaii_78,Hawaii 78,Cover,,73a6b06a-89fc-4cc3-b9c3-e94ff5e4e74b
http://pearljam.com/music/lyrics/all/all/20695/hell_no_we_wont_go,Hell No We Won't Go,Cover,,46446080-c616-4fc8-aac2-12285e58bfde
http://pearljam.com/music/lyrics/all/all/20886/help_help,Help Help,PJ Original,Riot Act,cddc51c1-2182-4b5d-b638-5571cc04f4fe
http://pearljam.com/music/lyrics/all/all/20696/help_me_rhonda,Help Me Rhonda,Cover,,575e11c7-0ef5-499b-a9a2-8de37df70819
http://pearljam.com/music/lyrics/all/all/20887/heres_to_the_state_of_mississippi,Here's to The State of Mississippi,Cover,,daa16ad6-0b22-4e9e-b815-f98f1fa8e02c
http://pearljam.com/music/lyrics/all/all/21066/hey_foxymophandlemama_thats_me,"Hey Foxymophandlemama, That's Me",PJ Original,Vitalogy,3b644e71-42ec-4d68-ae86-124f7510699c
http://pearljam.com/music/lyrics/all/all/20697/hey_hey_my_my,Hey Hey My My,Cover,,3c0991b1-699c-40ad-b46f-5f14b5ffa4fb
http://pearljam.com/music/lyrics/all/all/21036/hey_ho_let_it_go,Hey Ho Let It Go,Cover,,ce127dd9-bfb8-4cc5-afbf-7506d462a49c
http://pearljam.com/music/lyrics/all/all/20698/hey_ho_lets_go_chant,Hey Ho Let's Go chant,Cover,,8bcfe710-c44b-4775-b76d-f247616ff5a9
http://pearljam.com/music/lyrics/all/all/20699/highway_to_hell,Highway to Hell,Cover,,31686eeb-025e-4ad0-a500-4814443fab14
http://pearljam.com/music/lyrics/all/all/21070/history_never_repeats,History Never Repeats,Cover,Holiday 1995,b879519f-b5a8-40b7-a27b-5856d4a42e7c
http://pearljam.com/music/lyrics/all/all/21047/hitchhiker,Hitchhiker,PJ Original,Lost Dogs,842c3623-672e-43f9-9e2c-b6b7d0670ea1
http://pearljam.com/music/lyrics/all/all/20700/hold_on,Hold On,PJ Original,Lost Dogs,d0372eb6-5092-47cb-9fa6-1f8f12b7d94f
http://pearljam.com/music/lyrics/all/all/20888/homeless,Homeless,Cover,,6859c9c0-8d72-403b-aba7-ecf0bffc5460
http://pearljam.com/music/lyrics/all/all/20701/hunger_strike,Hunger Strike,Cover,,a4cbd036-ee23-4e5c-8762-10fb1556a574
http://pearljam.com/music/lyrics/all/all/20702/hyena,Hyena,Cover,,ba94b1e0-6d33-440b-84fc-b90fc3c677dc
http://pearljam.com/music/lyrics/all/all/20889/i_am_a_patriot,I Am A Patriot,Cover,,b9534ba7-d2a0-4f5a-8a2f-6fd0fc197e8a
http://pearljam.com/music/lyrics/all/all/20890/i_am_mine,I Am Mine,PJ Original,Riot Act,20572bf6-c8af-4c51-afa7-b41523f38690
http://pearljam.com/music/lyrics/all/all/20703/i_believe_in_miracles,I Believe In Miracles,Cover,Holiday 2003,442707d0-8e08-426a-99ab-943ae6f7770b
http://pearljam.com/music/lyrics/all/all/20891/i_got_id,I Got Id,PJ Original,Merkin Ball,f2734e11-8fe9-490d-b95b-7dc582f0f8d7
http://pearljam.com/music/lyrics/all/all/20892/i_got_you,I Got You,Cover,,a8a3d577-32ad-4b0c-b3c7-2bde2e5309c6
http://pearljam.com/music/lyrics/all/all/21074/i_just_want_to_have_something_to_do,I Just Want To Have Something To Do,Cover,Holiday 2001,b868d528-69ee-4eef-9407-af044115ed5b
http://pearljam.com/music/lyrics/all/all/20704/i_must_not_think_bad_thoughts,I Must Not Think Bad Thoughts,Cover,,c6cf9ab8-84d9-47b2-8deb-04646f8c9015
http://pearljam.com/music/lyrics/all/all/21166/i_remember_you,I Remember You,Cover,,54d85020-2237-4db4-944a-3bbec9c370b9
http://pearljam.com/music/lyrics/all/all/21110/i_used_to_work_in_chicago,I Used to Work In Chicago,Cover,,7e2e45c0-9d49-4dba-a320-1199af3b62a2
http://pearljam.com/music/lyrics/all/all/20705/i_wanna_be_your_boyfriend,I Wanna Be Your Boyfriend,Cover,,7bde70f7-bd18-4d74-bccf-6b3642ed9e7b
http://pearljam.com/music/lyrics/all/all/20706/i_want_to_live,I Want To Live,Cover,,9d4e19fb-96af-4057-8586-76008faf3566
http://pearljam.com/music/lyrics/all/all/20707/i_want_you_to_want_me,I Want You To Want Me,Cover,,5f28074b-06c8-4825-9e60-90ac5a01fe71
http://pearljam.com/music/lyrics/all/all/20708/i_wont_back_down,I Won't Back Down,Cover,Live at The Gorge 05/06,061c3fed-e671-4ac4-b045-bb43389e1a48
http://pearljam.com/music/lyrics/all/all/20710/im_a_boy,I'm a Boy,Cover,,fa2ebfb0-c1c0-4b5e-afc2-f69d5267cb1f
http://pearljam.com/music/lyrics/all/all/20711/im_one,I'm One,Cover,,32660926-05bd-453e-a530-f17a89885204
http://pearljam.com/music/lyrics/all/all/21056/im_open,I'm Open,PJ Original,No Code,bcf8c168-3ac5-440f-a73b-babc3a914bc1
http://pearljam.com/music/lyrics/all/all/22384/im_the_answer,I'm The Answer,Cover,,22a60d14-0a7e-408a-8f20-f2d3eccfbb1b
http://pearljam.com/music/lyrics/all/all/21057/im_the_ocean,I'm The Ocean,Cover,Mirror Ball,fffafe6d-cbc8-4d44-a953-a6cf3336c114
http://pearljam.com/music/lyrics/all/all/20720/ive_been_tired,I've Been Tired,Cover,,dbbb4089-a764-447c-ab59-21e4d5f0430b
http://pearljam.com/music/lyrics/all/all/20919/ive_got_a_feeling,I've Got a Feeling,Cover,,f8764d0a-5272-4171-b04a-58a204b1bb1d
http://pearljam.com/music/lyrics/all/all/20920/ive_got_a_feeling_jam,I've Got A Feeling Jam,Cover,,d85f866f-e99b-405b-b209-52a80a880ca0
http://pearljam.com/music/lyrics/all/all/20921/ive_just_seen_a_face,I've Just Seen A Face,Cover,,f2425a98-86bb-41f9-95ab-6ebef69ecd9b
http://pearljam.com/music/lyrics/all/all/20709/if_i_cant_have_you,If I Can't Have You,Cover,,4c5a8cf9-e033-47d2-9191-b994b9dc4e87
http://pearljam.com/music/lyrics/all/all/21145/if_you_want_blood_(youve_got_it),If You Want Blood (You've Got It),Cover,,d883591b-a16f-4e69-a817-b3b3a2a98059
http://pearljam.com/music/lyrics/all/all/22480/imagine,Imagine,Cover,,7451fd8f-47eb-4666-b6d1-c93cdd0fafce
http://pearljam.com/music/lyrics/all/all/20712/immortality,Immortality,PJ Original,Vitalogy,7f717602-456c-448b-8d8d-720ded64d90c
http://pearljam.com/music/lyrics/all/all/20713/improv,improv,Cover,,5b15300d-2ee7-4e1f-8813-4186ccf6d90b
http://pearljam.com/music/lyrics/all/all/20893/improv_(cant_explain),Improv (Can't Explain),Cover,,45de98ef-2564-4668-90e9-a314be3caed3
http://pearljam.com/music/lyrics/all/all/20894/improv_(dont_think_you_trust_me),Improv (Don't Think You Trust Me?),Cover,,dcdc7ec3-ad11-4cb8-9b52-51dec74821f2
http://pearljam.com/music/lyrics/all/all/20895/improv_(dont_touch_me_there),Improv (Don't Touch Me There),Cover,,1a1e4cef-c9b5-41dd-bbe4-917fb4d3eef9
http://pearljam.com/music/lyrics/all/all/20896/improv_(dont_try_to_get_inside_my_head),Improv (Don't Try to get Inside My Head),Cover,,2ece29b6-7fdb-45c3-b25b-ee5a5433b67b
http://pearljam.com/music/lyrics/all/all/22219/improv_(hard_to_imagine_riff),Improv (Hard To Imagine Riff),PJ Original,,8ed30beb-58af-4eb9-8075-b8257ae6cf46
http://pearljam.com/music/lyrics/all/all/20897/improv_(hold_me),Improv (Hold Me),Cover,,468a8ca9-6fb7-4d62-994b-06bf9b5ef3d3
http://pearljam.com/music/lyrics/all/all/20898/improv_(homeless),Improv (Homeless),Cover,,2059c903-358f-4b64-ba9d-70889219a625
http://pearljam.com/music/lyrics/all/all/20899/improv_(i_could_prove_to_you),Improv (I Could Prove to You),Cover,,94171d57-1364-4fff-a21d-83d318de239e
http://pearljam.com/music/lyrics/all/all/20900/improv_(i_got_no_where_to_go),Improv (I Got No Where to Go),Cover,,d4f3d54f-40a3-4711-aef1-d6fc8327d5d5
http://pearljam.com/music/lyrics/all/all/20901/improv_(i_want_to_feel_free_today),Improv (I Want To Feel Free Today),Cover,,4b1f4631-bf4a-4a37-b06d-4beb01760f62
http://pearljam.com/music/lyrics/all/all/22683/improv_(im_a_fucking_wreck),Improv (I'm A Fucking Wreck),PJ Original,,5913e145-9bb6-4439-90d1-9843f2d6fef4
http://pearljam.com/music/lyrics/all/all/20902/improv_(im_all_alone),Improv (I'm All Alone),Cover,,1789aa9a-d587-4d15-af32-b17dee794596
http://pearljam.com/music/lyrics/all/all/20903/improv_(im_not_crazy),Improv (I'm Not Crazy),Cover,,fb0db63d-ba61-4cbd-a174-6e66221d3a5f
http://pearljam.com/music/lyrics/all/all/20904/improv_(including_brass_in_pocket),Improv (including Brass in Pocket),Cover,,6d7a3621-53c2-4917-8f1d-f706a74f07fd
http://pearljam.com/music/lyrics/all/all/20905/improv_(love_you_hate_you),Improv (Love You Hate You),Cover,,cb9760e2-523f-472e-b69a-a23ce7b924f4
http://pearljam.com/music/lyrics/all/all/21161/improv_(new_song),Improv (new song),Cover,,d4eeb640-07b7-4b36-bce7-7fb49404b042
http://pearljam.com/music/lyrics/all/all/20906/improv_(once_in_our_lives),Improv (Once in Our Lives),Cover,,d33129d0-9976-4b52-849a-6692f566ecfa
http://pearljam.com/music/lyrics/all/all/20907/improv_(part_where_i_play_the_pope),Improv (Part Where I Play The Pope),Cover,,de4abc0a-2d82-42aa-af58-dbc788477a4b
http://pearljam.com/music/lyrics/all/all/21157/improv_(portugal_portugal),"Improv (Portugal, Portugal)",PJ Original,,67a83512-0837-4e50-8992-5d2a2d5bca8a
http://pearljam.com/music/lyrics/all/all/20908/improv_(selfish_man),Improv (Selfish Man),Cover,,2c517d00-c29b-4389-b03b-7ecfbb310d04
http://pearljam.com/music/lyrics/all/all/20909/improv_(some_people),Improv (Some People),Cover,,3dfd4c5e-878e-469f-b56c-09b480432cc6
http://pearljam.com/music/lyrics/all/all/20910/improv_(sometimes_happens_all_the_time),Improv (Sometimes Happens All The Time),Cover,,1e2e0b60-394c-4266-84c8-93d4c989c3af
http://pearljam.com/music/lyrics/all/all/20911/improv_(thank_you),Improv (Thank You),Cover,,76b99c26-dced-485d-b7e1-3f1f7506d64a
http://pearljam.com/music/lyrics/all/all/20912/improv_(the_first_time),Improv (The First Time),Cover,,a7f42f06-ebd5-4a23-a65e-c21f7dcdbb85
http://pearljam.com/music/lyrics/all/all/22682/improv_(were_out_of_tune),Improv (We're Out of Tune),PJ Original,,92c02909-72a5-4164-a128-c3ec344ca2a6
http://pearljam.com/music/lyrics/all/all/22218/improv_(what_to_do_in_colorado),Improv (What To Do In Colorado),PJ Original,,c3a9e3a8-16b9-4260-8dba-1c1d6ef6ede7
http://pearljam.com/music/lyrics/all/all/20913/improv_(you_tell_me),Improv (You Tell Me),Cover,,bb754372-bb17-4fd0-b128-33f098239b72
http://pearljam.com/music/lyrics/all/all/22121/improv_120213,Improv 12/02/13,PJ Original,,cf27f2fd-828c-4ebe-beee-2023258732bc
http://pearljam.com/music/lyrics/all/all/22702/improvcrazy_mary,Improv/Crazy Mary,Improvisation,,b885a6d2-9264-4883-87f8-d061d88f785c
http://pearljam.com/music/lyrics/all/all/20914/in_hiding,In Hiding,PJ Original,Yield,ec571514-9a4b-4900-8e7a-888c975906a2
http://pearljam.com/music/lyrics/all/all/20915/in_my_tree,In My Tree,PJ Original,No Code,5eb41948-40d7-4fe3-b6ea-20d246644955
http://pearljam.com/music/lyrics/all/all/20916/in_the_coliseum,In The Coliseum,Cover,,ee530e1f-ae67-4e85-a8c5-90fa650cf0fd
http://pearljam.com/music/lyrics/all/all/20714/in_the_mood,In The Mood,Cover,,ec1edd01-32e4-44a1-bff1-2e98e49740a1
http://pearljam.com/music/lyrics/all/all/21048/in_the_moonlight,In the Moonlight,PJ Original,Lost Dogs,fee481cd-d4b6-4d6c-ad16-9ee01abcdde2
http://pearljam.com/music/lyrics/all/all/20917/indifference,Indifference,PJ Original,Vs.,bf443d63-7729-43ab-bc1d-6a891614c930
http://pearljam.com/music/lyrics/all/all/21990/infallible,Infallible,PJ Original,Lightning Bolt,a35339a2-8fe7-49c5-953c-e92b9c9f0832
http://pearljam.com/music/lyrics/all/all/21087/inside_job,Inside Job,PJ Original,Pearl Jam,1fad947f-5106-4d71-be86-8de28b29a6d8
http://pearljam.com/music/lyrics/all/all/20918/insignificance,Insignificance,PJ Original,Nothing As It Seems,f3862c45-faa0-4d50-ae35-3bbcb8caefd2
http://pearljam.com/music/lyrics/all/all/20715/instant_karma,Instant Karma,Cover,,4941837d-76ab-469d-97c2-2336d8b58eec
http://pearljam.com/music/lyrics/all/all/20716/institutionalized,Institutionalized,Cover,,bf3ae61c-ef48-4483-a83c-2b74158690d1
http://pearljam.com/music/lyrics/all/all/20717/interstellar_overdrive,Interstellar Overdrive,Cover,,4020e778-f8df-4fff-a5bb-43fe195b8d16
http://pearljam.com/music/lyrics/all/all/21170/it_aint_like_that,It Ain't Like That,Cover,Pearl Jam Twenty,e2b40b62-2341-4f3a-8880-013df75d4e70
http://pearljam.com/music/lyrics/all/all/21167/it_happened_today,It Happened Today,Cover,,1cc7521a-6b91-4e43-b16e-e876f2d555ae
http://pearljam.com/music/lyrics/all/all/21093/it_makes_no_difference,It Makes No Difference,Cover,,37703d89-24cb-46d0-828a-68f7a8da8973
http://pearljam.com/music/lyrics/all/all/20718/it_rains_on_me,It Rains On Me,Cover,,5a041d11-0744-4d03-894f-9a9ea8ad1329
http://pearljam.com/music/lyrics/all/all/20719/its_ok,It's Ok,Cover,,1044b9a3-7ff9-480b-86e1-c8d59086345d
http://pearljam.com/music/lyrics/all/all/22222/jack_irons_theme,Jack Irons Theme,PJ Original,,e1ff942c-3f0a-4842-b80a-b10a7cbb08a4
http://pearljam.com/music/lyrics/all/all/20922/jam,Jam,Cover,,5cf61b59-c8f5-4690-a601-f79daf6e6d6c
http://pearljam.com/music/lyrics/all/all/20923/jam_(smells_like_teen_spirit),Jam (Smells Like Teen Spirit),Cover,,084f72c2-76ed-426d-bb86-5b27d84e8a9c
http://pearljam.com/music/lyrics/all/all/21142/jazz_odyssey,Jazz Odyssey,Cover,,8085b614-6087-4a4e-a267-0b2963269b6e
http://pearljam.com/music/lyrics/all/all/20924/jeremy,Jeremy,PJ Original,Ten,589a7a64-bd66-493f-8f5d-a7aed8bf1a6b
http://pearljam.com/music/lyrics/all/all/20721/jersey_girl,Jersey Girl,Cover,,f40f6f94-4434-4552-b4c9-e320085ab3cd
http://pearljam.com/music/lyrics/all/all/21124/jingle_bells,Jingle Bells,Cover,Holiday 2007,c50d93de-32c7-4bf9-a713-b2c55e9c600b
http://pearljam.com/music/lyrics/all/all/21134/johnny_guitar,Johnny Guitar,PJ Original,Backspacer,55371a54-2171-42e4-8f8e-ab5e613a271b
http://pearljam.com/music/lyrics/all/all/20925/just_a_girl,Just A Girl,PJ Original,Ten (Reissue),76a01840-de18-45e4-86df-d13c12fae0b5
http://pearljam.com/music/lyrics/all/all/21135/just_breathe,Just Breathe,PJ Original,Backspacer,17368cfa-3997-4440-80d1-26e35111901d
http://pearljam.com/music/lyrics/all/all/20926/kick_out_the_jams,Kick Out The Jams,Cover,,2dea7e91-0cb8-43f0-87fe-e77879ae97ed
http://pearljam.com/music/lyrics/all/all/20927/know_your_rights,Know Your Rights,Cover,,96e5475d-8466-4450-b81e-762b9c1ca947
http://pearljam.com/music/lyrics/all/all/20928/la_bamba,La Bamba,Cover,,166bc2a6-a52a-4968-8206-628b99af9076
http://pearljam.com/music/lyrics/all/all/20929/las_mananitas,Las Mananitas,Cover,,11bcda69-cbb2-4f16-807d-51120b28f5b5
http://pearljam.com/music/lyrics/all/all/20930/last_exit,Last Exit,PJ Original,Vitalogy,ece7663b-f33a-4146-9846-bce584db4f03
http://pearljam.com/music/lyrics/all/all/20931/last_kiss,Last Kiss,Cover,Holiday 1998,ea3f1553-07fa-44c1-a435-2065137ba32f
http://pearljam.com/music/lyrics/all/all/20932/last_soldier,Last Soldier,Cover,Holiday 2001,e177cb29-e91c-452b-a98b-69749acf586f
http://pearljam.com/music/lyrics/all/all/20933/leash,Leash,PJ Original,Vs.,e57d0abb-e1a7-4a5b-b637-fa07959e25b2
http://pearljam.com/music/lyrics/all/all/20934/leatherman,Leatherman,PJ Original,Given To Fly,1adf0182-1260-45d2-9963-65bbd3494c40
http://pearljam.com/music/lyrics/all/all/20935/leaving_here,Leaving Here,Cover,Home Alive - The Art of Self Defense,8a664fe8-2a51-43e9-8b62-93780421f738
http://pearljam.com/music/lyrics/all/all/20936/let_me_sleep,Let Me Sleep,PJ Original,Holiday 1991,34bcd790-6fea-4c37-a19a-663c7addcebd
http://pearljam.com/music/lyrics/all/all/20937/let_my_love_open_the_door,Let My Love Open The Door,Cover,,7982d64d-34f9-482c-b191-914a5dd956fa
http://pearljam.com/music/lyrics/all/all/21993/let_the_records_play,Let The Records Play,PJ Original,Lightning Bolt,978d8183-5e53-4a1c-9ca6-3e2c778e909e
http://pearljam.com/music/lyrics/all/all/21078/life_wasted,Life Wasted,PJ Original,Pearl Jam,00ee224a-c521-4bed-b78e-41cb9a8385e2
http://pearljam.com/music/lyrics/all/all/20938/light_years,Light Years,PJ Original,Binaural,c6fc6bcf-a458-4e44-88d1-1b34712de61c
http://pearljam.com/music/lyrics/all/all/21882/lightning_bolt,Lightning Bolt,PJ Original,Lightning Bolt,e5db3f27-f2d7-4959-bc08-07c3ec8a0566
http://pearljam.com/music/lyrics/all/all/20939/like_a_stone,Like A Stone,Cover,,8f1b1f8b-4fc2-4479-b5c2-58338689ef79
http://pearljam.com/music/lyrics/all/all/20940/lions_share,Lion's Share,Cover,,02023e7d-a787-45af-96af-4d3952d949d8
http://pearljam.com/music/lyrics/all/all/21042/little_sister,Little Sister,Cover,Holiday 2005,e093c313-663e-4c39-91c1-2ed3cd788b69
http://pearljam.com/music/lyrics/all/all/20722/little_wing,Little Wing,Cover,Live at The Gorge 05/06,1dbef313-fc17-4849-8fcc-78bf5450e7aa
http://pearljam.com/music/lyrics/all/all/21073/live_for_today,Live For Today,Cover,Holiday 1997,04e4d337-b3d3-4b9d-89fc-4be0d63118fa
http://pearljam.com/music/lyrics/all/all/21116/long_nights,Long Nights,Cover,Into The Wild,7d257b76-33e1-44c9-835a-17d59ebc3c4c
http://pearljam.com/music/lyrics/all/all/20941/long_road,Long Road,Cover,Merkin Ball,12da1782-bd9a-4021-b637-cd69370d9e3d
http://pearljam.com/music/lyrics/all/all/20942/love_boat_captain,Love Boat Captain,PJ Original,Riot Act,b169d075-3010-45a5-a176-5bc18ffb2bad
http://pearljam.com/music/lyrics/all/all/21096/love_is_stronger_than_witchcraft,Love is Stronger than Witchcraft,Cover,,bce7fa80-ef4c-4822-98bb-7c78664d39fa
http://pearljam.com/music/lyrics/all/all/20723/love_me_two_times,Love Me Two Times,Cover,,975c34e9-6f22-4c8b-9fde-9a7f76a0b67f
http://pearljam.com/music/lyrics/all/all/21107/love_reign_oer_me,Love Reign O'er Me,Cover,Holiday 2006,2b8b1e5f-9034-45b2-8e39-58e21f4989f1
http://pearljam.com/music/lyrics/all/all/20943/love_the_people_improv,Love The People improv,Cover,,b67fa6fa-4d17-4e27-a71c-23f0e309a535
http://pearljam.com/music/lyrics/all/all/20944/low_light,Low Light,PJ Original,Yield,077cb122-77d9-4777-b617-0e376f7c492a
http://pearljam.com/music/lyrics/all/all/20945/lukin,Lukin,PJ Original,No Code,70a4ca42-fe05-4594-9ba2-5c454d79c735
http://pearljam.com/music/lyrics/all/all/20946/maggot_brain,Maggot Brain,Cover,,11975a57-4a17-46de-8ede-01348c96209c
http://pearljam.com/music/lyrics/all/all/20947/magic_bus,Magic Bus,Cover,,f8ee0568-0061-4427-b51d-86bd3b2fbb1a
http://pearljam.com/music/lyrics/all/all/20948/man_of_the_hour,Man Of The Hour,PJ Original,Man Of The Hour,6afdab65-dafa-4dba-b439-e14c880c785c
http://pearljam.com/music/lyrics/all/all/20949/mankind,Mankind,PJ Original,No Code,fe3ca89a-e257-4cca-af2d-994cb09c3df1
http://pearljam.com/music/lyrics/all/all/21080/marker_in_the_sand,Marker In The Sand,PJ Original,Pearl Jam,e346dae6-77bc-4156-9b7e-333853fcd382
http://pearljam.com/music/lyrics/all/all/20950/masters_of_war,Masters Of War,Cover,Live At Benaroya Hall,43a86f19-4e02-4928-aa9c-27071661586f
http://pearljam.com/music/lyrics/all/all/20951/meaningless,Meaningless,Cover,,80a4ff58-0274-4220-881e-22a0ab6648e8
http://pearljam.com/music/lyrics/all/all/20952/mfc,MFC,PJ Original,Yield,4b216ddf-cd42-45b4-8fcb-70b5cfa8a4e0
http://pearljam.com/music/lyrics/all/all/20953/millworker,Millworker,Cover,,ab5c6a53-75fb-4eb0-b1b8-0e37cedca25b
http://pearljam.com/music/lyrics/all/all/21880/mind_your_manners,Mind Your Manners,PJ Original,Lightning Bolt,df33d522-dc0b-472a-8cff-9758bbccfa5d
http://pearljam.com/music/lyrics/all/all/20954/miss_you_all,Miss You All,Cover,,90749aee-afcf-4e73-b547-987bdcdc0111
http://pearljam.com/music/lyrics/all/all/20724/mlk,MLK,Cover,,3520c36f-ef1b-4a87-967c-1201d6ca67a4
http://pearljam.com/music/lyrics/all/all/21037/modern_girl,Modern Girl,Cover,,feb6b768-abf4-4313-8c75-58bc9d132ac1
http://pearljam.com/music/lyrics/all/all/22515/moline,Moline,PJ Original,,02d02f56-84bb-406f-8ab7-c79bf905cb1d
http://pearljam.com/music/lyrics/all/all/21035/money_(thats_what_i_want),Money (That's What I Want),Cover,,8d5dadd3-4571-44bf-9078-41f53db4e07c
http://pearljam.com/music/lyrics/all/all/20725/monkey_gone_to_heaven,Monkey Gone to Heaven,Cover,,a90398f5-5abb-466d-a823-7a3b12681bbb
http://pearljam.com/music/lyrics/all/all/20726/more_than_this,More Than This,Cover,,6263a895-2a5c-47ad-9531-f5d696f96f83
http://pearljam.com/music/lyrics/all/all/20727/mother,Mother,Cover,,ceb2098c-84e2-4df0-9777-c7e5878ec514
http://pearljam.com/music/lyrics/all/all/21172/mother,Mother,Cover,,109bb86d-3268-46db-99af-fb97c7c99ed0
http://pearljam.com/music/lyrics/all/all/21143/mountain_song,Mountain Song,Cover,,f71352a6-c4f7-4aab-a2cd-37a988772c4a
http://pearljam.com/music/lyrics/all/all/21988/my_fathers_son,My Father's Son,PJ Original,Lightning Bolt,4d69ad92-8a73-4799-9c08-8e6e09da11d4
http://pearljam.com/music/lyrics/all/all/20955/my_friend,My Friend,Cover,,72252d2f-ced8-4df5-aa88-2bbbd4d26f8a
http://pearljam.com/music/lyrics/all/all/20956/my_generation,My Generation,Cover,,7b35f4cc-ede1-424e-8741-1230299a7a5d
http://pearljam.com/music/lyrics/all/all/20728/my_heart_will_go_on,My Heart Will Go On,Cover,,4225a546-2add-4e88-9187-22cc49fadb1c
http://pearljam.com/music/lyrics/all/all/20957/my_mama_told_me,My Mama Told Me,Cover,,edf45170-0a5e-4e47-9959-a5976e6016c9
http://pearljam.com/music/lyrics/all/all/21101/my_own_two_hands,My Own Two Hands,Cover,,c4be30ce-6fb4-4995-9b95-ac4cd18f581d
http://pearljam.com/music/lyrics/all/all/21098/my_sharona,My Sharona,Cover,,2db1dac0-0db3-4c4e-9f0f-0378cd88406c
http://pearljam.com/music/lyrics/all/all/20958/my_way,My Way,Cover,Holiday 1995,a5e97cec-1305-4933-b83d-8af0764131d0
http://pearljam.com/music/lyrics/all/all/20959/naked_eye,Naked Eye,Cover,,ac8535fd-c969-4270-8631-fdf392430631
http://pearljam.com/music/lyrics/all/all/21168/need_to_know_(demo),Need To Know (demo),PJ Original,Pearl Jam Twenty,baac98cb-881f-4c8e-8509-c750d04539e8
http://pearljam.com/music/lyrics/all/all/21113/no_ceiling,No Ceiling,Cover,Into The Wild,f51d2392-401d-430e-840e-a5ab3ce94a93
http://pearljam.com/music/lyrics/all/all/21108/no_more,No More,PJ Original,,f1d83fc3-434e-432f-9056-4eab2a9c24cc
http://pearljam.com/music/lyrics/all/all/21094/no_surrender,No Surrender,Cover,,20244d2b-1aab-481c-b698-0989d4c8516b
http://pearljam.com/music/lyrics/all/all/20960/no_way,No Way,PJ Original,Yield,44a2e602-967b-449b-ab96-50f6985c2165
http://pearljam.com/music/lyrics/all/all/21103/no_woman_no_cry,"No Woman, No Cry",Cover,,a3a5e2ad-2e10-4525-b356-8b451c6a3413
http://pearljam.com/music/lyrics/all/all/20729/noise_of_carpet,Noise of Carpet,Cover,,041dbf98-7b33-4f99-ae99-5d448902b61a
http://pearljam.com/music/lyrics/all/all/20730/not_for_you,Not For You,PJ Original,Vitalogy,4ec588a6-58e7-4b11-972f-074fe2c3cf4d
http://pearljam.com/music/lyrics/all/all/21146/not_given_lightly,Not Given Lightly,Cover,,97bc5512-28f1-4e5c-a46a-80966745c6af
http://pearljam.com/music/lyrics/all/all/20961/nothing_as_it_seems,Nothing As it Seems,PJ Original,Nothing As It Seems,101c0228-cd6e-4091-b1e1-fa12fe6f6e32
http://pearljam.com/music/lyrics/all/all/20962/nothingman,Nothingman,PJ Original,Vitalogy,93a5a55d-7a62-4c64-ace1-2b2ee1c7b2d6
http://pearljam.com/music/lyrics/all/all/20731/o_sole_mio,O Sole Mio,Cover,,be2ff944-740b-4ce7-91ef-c3c7282aa34f
http://pearljam.com/music/lyrics/all/all/20963/oceans,Oceans,PJ Original,Ten,fe068793-743d-42b6-af38-006b8bb2ecb4
http://pearljam.com/music/lyrics/all/all/21153/of_the_earth,Of The Earth,PJ Original,,ca3db16f-2557-4c65-994c-b035f55a8ca9
http://pearljam.com/music/lyrics/all/all/20732/of_the_girl,Of The Girl,PJ Original,Binaural,2e84d96c-0cc9-4a6f-ac28-7eafb36948c4
http://pearljam.com/music/lyrics/all/all/20964/off_he_goes,Off He Goes,PJ Original,No Code,a425810e-1327-4897-877b-2def08e8820c
http://pearljam.com/music/lyrics/all/all/20965/oklahoma_improv,Oklahoma improv,PJ Original,,a20cfbb7-d0ee-42cc-b1e0-157d96667839
http://pearljam.com/music/lyrics/all/all/20733/old_address_of_the_unknown,Old Address of The Unknown,Cover,,6c8b9450-04e7-42d1-8c6a-c2fe0880f23b
http://pearljam.com/music/lyrics/all/all/20734/old_man,Old Man,Cover,,6c7c0e3b-9522-47f8-95b6-c854efef6476
http://pearljam.com/music/lyrics/all/all/20966/old_mcdonald_parody_(old_dick_cheney),Old McDonald Parody (Old Dick Cheney),Cover,,d8c46907-98f2-4b32-81a0-01e7a2e47329
http://pearljam.com/music/lyrics/all/all/21164/ole´,Ole´,PJ Original,,0596bccc-d414-42b8-b3b1-60a8a4cea5d5
http://pearljam.com/music/lyrics/all/all/21071/olympic_platinum,Olympic Platinum,PJ Original,Holiday 1996,e1cfa8b5-e12f-487c-ace2-3bd72c936266
http://pearljam.com/music/lyrics/all/all/20967/once,Once,PJ Original,Alive,4c028c8f-711d-4899-a6aa-fc8d1284648e
http://pearljam.com/music/lyrics/all/all/22505/open_all_night,Open All Night,Cover,,2accc990-b5f1-434c-a157-0b1693410c78
http://pearljam.com/music/lyrics/all/all/21051/other_side,Other Side,PJ Original,Save You,d4a937e1-129c-40dd-9c54-cf2966edfc77
http://pearljam.com/music/lyrics/all/all/20968/out_of_my_mind,Out of My Mind,Cover,Not For You,b714446a-838f-479b-b2f6-d97a7e13dccb
http://pearljam.com/music/lyrics/all/all/20735/outshined,Outshined,Cover,,4374a0ef-8016-468e-b4b7-f5ec524a68a9
http://pearljam.com/music/lyrics/all/all/20736/owner_of_a_lonely_heart,Owner of a Lonely Heart,Cover,,a247a12a-6f55-44de-b5f8-474134a18924
http://pearljam.com/music/lyrics/all/all/21081/parachutes,Parachutes,PJ Original,Pearl Jam,c92f6133-30a4-417f-b37c-898d7e9c9d88
http://pearljam.com/music/lyrics/all/all/20969/parting_ways,Parting Ways,PJ Original,Binaural,923bf25a-50ab-4b7c-b8ff-dfa9795813b3
http://pearljam.com/music/lyrics/all/all/21065/peace_and_love,Peace And Love,Performed with Other Artist,Mirror Ball,06a47f22-7020-48bd-b2b7-9d76e3299b3f
http://pearljam.com/music/lyrics/all/all/20738/pebbles,Pebbles,Cover,,fdc91577-a0e5-45b8-878e-ce02bde79dca
http://pearljam.com/music/lyrics/all/all/21991/pendulum,Pendulum,PJ Original,Lightning Bolt,6fa116a2-92ba-44f9-b629-aa5f4d96a3aa
http://pearljam.com/music/lyrics/all/all/20739/people_have_the_power,People Have The Power,Cover,,b10b914e-284e-4a9d-8560-bb975b61a82e
http://pearljam.com/music/lyrics/all/all/20740/philadelphia_freedom,Philadelphia Freedom,Cover,,02d2a837-bfbf-4db8-b820-23e749d23ab2
http://pearljam.com/music/lyrics/all/all/21099/picture_in_a_frame,Picture In A Frame,Cover,,b868a359-9803-427c-be01-de0d2639043d
http://pearljam.com/music/lyrics/all/all/20970/pilate,Pilate,PJ Original,Yield,a9cdd4d1-1d8f-4c27-958f-f9b9618d68c2
http://pearljam.com/music/lyrics/all/all/20971/porch,Porch,PJ Original,Ten,111ba912-3aa8-43f3-88e5-eeaf065b6b21
http://pearljam.com/music/lyrics/all/all/20972/present_tense,Present Tense,PJ Original,No Code,934eee21-f6b1-4d4a-b327-cd7b1af9adec
http://pearljam.com/music/lyrics/all/all/21055/pry_to,"Pry, To",PJ Original,Vitalogy,e9756242-7c29-4531-9a87-cb976281be20
http://pearljam.com/music/lyrics/all/all/21156/public_image,Public Image,Cover,Live on Ten Legs,6ff5a4a6-0659-431a-8fa3-8cd4af8c042e
http://pearljam.com/music/lyrics/all/all/20741/pulled_up,Pulled Up,Cover,,773a825e-06ab-43db-b384-9287f95ef9e6
http://pearljam.com/music/lyrics/all/all/20973/push_me_pull_me,"Push Me, Pull Me",PJ Original,Yield,8b1896d7-9dce-4d55-8110-b1fd8e73150a
http://pearljam.com/music/lyrics/all/all/20974/pushin_forward_back,Pushin' Forward Back,Cover,,6eb074f0-fa3e-4a1d-bcdc-87acae0775e1
http://pearljam.com/music/lyrics/all/all/20742/rain,Rain,Cover,,49cd468f-7ce1-4326-9142-7fbb9cfe360d
http://pearljam.com/music/lyrics/all/all/21067/ramblings_91,Ramblings 91,PJ Original,Holiday 1991,df9fba9b-7f3f-4e3f-9ef3-8c7b58ac37d3
http://pearljam.com/music/lyrics/all/all/21068/ramblings_92,Ramblings 92,PJ Original,Holiday 1992,6599f009-be50-41f5-800b-b8bd04cf4481
http://pearljam.com/music/lyrics/all/all/21069/ramblings_93,Ramblings 93,PJ Original,Holiday 1993,9cde0ab0-43d7-421c-b28a-36b9b743d3f5
http://pearljam.com/music/lyrics/all/all/20743/rats,Rats,PJ Original,Vs.,1b46530d-ca5c-410e-98a1-4dd972de66e4
http://pearljam.com/music/lyrics/all/all/20744/ray_of_light,Ray of Light,Cover,,04e60f8c-d97d-41ec-a0d6-c2e2596e3985
http://pearljam.com/music/lyrics/all/all/20975/reach_down,Reach Down,Cover,Holiday 2003,133f19bd-3afb-424f-a38a-e78f0f285a7c
http://pearljam.com/music/lyrics/all/all/20976/rearviewmirror,Rearviewmirror,PJ Original,Vs.,c3a1b9f0-2c2b-44e7-bf59-ef8e7f66a2ff
http://pearljam.com/music/lyrics/all/all/20977/red_mosquito,Red Mosquito,PJ Original,No Code,9858456e-32ce-41e0-8393-61ddedb34273
http://pearljam.com/music/lyrics/all/all/21173/red_rain,Red Rain,Cover,,4a138fb4-2732-43ab-ba4e-f9a40a6f10b8
http://pearljam.com/music/lyrics/all/all/20978/redemption_song,Redemption Song,Cover,,5dfef3e6-5cc0-449e-8a18-cd56b3964e01
http://pearljam.com/music/lyrics/all/all/20745/release,Release,PJ Original,Ten,218d0cfb-644f-4b17-8c46-2abdf106aca6
http://pearljam.com/music/lyrics/all/all/21115/rise,Rise,Cover,Into The Wild,b9d13356-a693-4b9b-bb5c-bdc1f29810ab
http://pearljam.com/music/lyrics/all/all/20979/rival,Rival,PJ Original,Binaural,8e8cea5b-fa9d-44a3-be5c-1ee102573b56
http://pearljam.com/music/lyrics/all/all/20980/roadhouse_blues,Roadhouse Blues,Cover,,00a30ec6-2147-4dab-a5ca-8327978aaca2
http://pearljam.com/music/lyrics/all/all/20746/roam,Roam,Cover,,19ca3a67-b72e-4e14-9dab-6f229706977d
http://pearljam.com/music/lyrics/all/all/20747/rockin_in_the_free_world,Rockin' In The Free World,Cover,Touring Band 2000,bc69c896-f0ff-4cd5-8d49-880bd04f47fd
http://pearljam.com/music/lyrics/all/all/20748/romance,Romance,Cover,,fc053df7-0990-4027-bd51-9b63d8d67055
http://pearljam.com/music/lyrics/all/all/20749/ruby_tuesday,Ruby Tuesday,Cover,,f04d8ecf-3a9c-4d4c-9e83-a5e86670c09d
http://pearljam.com/music/lyrics/all/all/20981/running_back_to_saskatoon,Running Back To Saskatoon,Cover,,3cc3bebf-2132-4c4a-9294-9efe4b1042dd
http://pearljam.com/music/lyrics/all/all/20982/sad,Sad,PJ Original,Lost Dogs,ecb8da34-c25d-4c22-a410-cc82d9c0e1ae
http://pearljam.com/music/lyrics/all/all/20983/sail_away,Sail Away,Cover,,5bc04ee6-191a-45cc-b026-44063483620b
http://pearljam.com/music/lyrics/all/all/21139/santa_cruz,Santa Cruz,PJ Original,Holiday 2008,fc320ac0-7ba5-4c08-aaf2-c8336d8e714e
http://pearljam.com/music/lyrics/all/all/21123/santa_god,Santa God,Cover,Holiday 2007,bca865fc-2baf-42b7-bf96-90446715a1a0
http://pearljam.com/music/lyrics/all/all/20984/satans_bed,Satan's Bed,PJ Original,Vitalogy,dcc50fda-fe60-456e-9a59-d79ad322a1b4
http://pearljam.com/music/lyrics/all/all/20750/save_it_for_later,Save it for Later,Cover,,5c819b3b-7366-4027-85c5-ebe9fc1be54f
http://pearljam.com/music/lyrics/all/all/20985/save_you,Save You,PJ Original,Riot Act,66282a7e-eba7-4aaf-95ed-08ca63162f96
http://pearljam.com/music/lyrics/all/all/20986/say_hello_2_heaven,Say Hello 2 Heaven,Cover,Pearl Jam Twenty,6844dc13-f8ef-4ffd-971a-9045cf0c169a
http://pearljam.com/music/lyrics/all/all/20751/saying_no,Saying No,Cover,,a433fc96-b004-48af-9b2a-bd015d7f2fb8
http://pearljam.com/music/lyrics/all/all/21062/scenery,Scenery,Cover,Mirror Ball,cedc07d8-0ee9-4033-97f6-f73c531c460d
http://pearljam.com/music/lyrics/all/all/20752/schools_out,School's Out,Cover,,a365de4b-56d8-47e5-9ad8-e2e5fd532f34
http://pearljam.com/music/lyrics/all/all/21165/search_and_destroy,Search and Destroy,Cover,,feb6971e-7823-4ec6-82b6-243007166a29
http://pearljam.com/music/lyrics/all/all/21112/setting_forth,Setting Forth,Cover,Into The Wild,ce7d532d-ad58-4a99-8de5-e60c5d7cefe1
http://pearljam.com/music/lyrics/all/all/21089/severed_hand,Severed Hand,PJ Original,Pearl Jam,ed461296-b7de-4a49-b945-f5fbd6761f20
http://pearljam.com/music/lyrics/all/all/20987/sheraton_gibson,Sheraton Gibson,Cover,,72512f45-8d5e-4d26-8936-0a31b4851abe
http://pearljam.com/music/lyrics/all/all/20753/shine,Shine,Cover,,6c44c88d-27eb-4745-b134-6caef413176b
http://pearljam.com/music/lyrics/all/all/20754/shower_the_people,Shower The People,Cover,,1ba53d5c-e4ae-4024-a7a6-ee6a4e50d48d
http://pearljam.com/music/lyrics/all/all/20755/sick_o_pussies,Sick o' Pussies,PJ Original,,3861047a-0c27-4d04-85ec-7063eacb8564
http://pearljam.com/music/lyrics/all/all/21989/sirens,Sirens,PJ Original,Lightning Bolt,51ad499e-cdee-4912-94e7-5de4fa6a2fd1
http://pearljam.com/music/lyrics/all/all/21994/sleeping_by_myself,Sleeping By Myself,PJ Original,Lightning Bolt,fefcc499-8bec-4000-b627-71b33ec312ad
http://pearljam.com/music/lyrics/all/all/21075/sleepless_nights,Sleepless Nights,Cover,Holiday 2002,d48edbb3-02b5-4d3e-8daa-7a8e9a67867e
http://pearljam.com/music/lyrics/all/all/20988/sleight_of_hand,Sleight Of Hand,PJ Original,Binaural,57d84281-797f-45e5-ab5b-4da3ac8f241c
http://pearljam.com/music/lyrics/all/all/20756/smells_like_teen_spirit,Smells Like Teen Spirit,Cover,,d3705256-f974-462f-9ad2-acaa36372cd4
http://pearljam.com/music/lyrics/all/all/20989/smile,Smile,PJ Original,No Code,82e3130e-5324-4441-8910-c3b62f508e28
http://pearljam.com/music/lyrics/all/all/20990/so_you_want_to_be_a_rock_and_roll_star,So You Want to Be a Rock and Roll Star,Cover,,187e0014-faff-48f0-a8a1-4bfdf1ce42c4
http://pearljam.com/music/lyrics/all/all/21119/society,Society,Cover,Into The Wild,d30aa918-7ba9-4429-80d8-60c20d712f72
http://pearljam.com/music/lyrics/all/all/20991/soldier_of_love,Soldier Of Love,Cover,Holiday 1998,452b285a-ba4d-43b8-b698-fb8adbefd197
http://pearljam.com/music/lyrics/all/all/21076/someday_at_christmas,Someday At Christmas,Cover,Holiday 2004,3088dfdc-4eee-4bb7-a34a-4808dd58596a
http://pearljam.com/music/lyrics/all/all/20992/sometimes,Sometimes,PJ Original,No Code,5d23115a-6e0a-4f20-aa35-1fccd3541dd2
http://pearljam.com/music/lyrics/all/all/20757/song_x,Song X,Cover,Mirror Ball,0c4def0d-8220-4e91-9327-3baff8c758c6
http://pearljam.com/music/lyrics/all/all/20993/sonic_reducer,Sonic Reducer,Cover,Holiday 1992,90cad411-f40c-4ce2-b06a-ebfb23e99d45
http://pearljam.com/music/lyrics/all/all/20994/soon_forget,Soon Forget,PJ Original,Binaural,16658168-2e06-4fd9-b475-a5c522c1fa93
http://pearljam.com/music/lyrics/all/all/21137/speed_of_sound,Speed of Sound,PJ Original,Backspacer,2e159f71-6afc-494d-93de-101cc3278602
http://pearljam.com/music/lyrics/all/all/20995/spin_the_black_circle,Spin The Black Circle,PJ Original,Vitalogy,4647cbf6-ebda-4c3d-b7a0-cc8562506d8d
http://pearljam.com/music/lyrics/all/all/20758/star_boy,Star Boy,Cover,,47ec7b41-0bd1-4b16-8f0c-8324c32810f1
http://pearljam.com/music/lyrics/all/all/21163/stardog_champion,Stardog Champion,Cover,,f2c907b6-b976-4f87-9af9-b6cce78232dc
http://pearljam.com/music/lyrics/all/all/20996/start_me_up_tease,Start Me Up tease,Cover,,0a90844b-509a-4ede-8e18-3c18294779e9
http://pearljam.com/music/lyrics/all/all/20997/state_of_love_and_trust,State Of Love And Trust,PJ Original,Singles,0d296544-ad16-4c1c-b35b-de6728252d08
http://pearljam.com/music/lyrics/all/all/20759/steppin_stone,Steppin' Stone,Cover,,5846ee61-65e3-4223-8ec9-55a786f4614d
http://pearljam.com/music/lyrics/all/all/20998/sto_lat,Sto Lat,Cover,,a2764a06-7285-495b-94e4-a0e53363be88
http://pearljam.com/music/lyrics/all/all/20760/straight_to_hell_now,Straight to Hell Now,Cover,,b971e5e4-f75d-4549-9b66-4e235d93b1c5
http://pearljam.com/music/lyrics/all/all/21052/strangest_tribe,Strangest Tribe,PJ Original,Holiday 1999,a2d7574e-b97e-4a87-bec5-8183758eb8a6
http://pearljam.com/music/lyrics/all/all/20999/stranglehold_jam,Stranglehold Jam,Cover,,1c51ef70-187a-475e-8ac8-e84e81523df3
http://pearljam.com/music/lyrics/all/all/21000/street_fighting_man,Street Fighting Man,Cover,,d12793fb-8ea2-4eee-b1a9-6be4e3a884c2
http://pearljam.com/music/lyrics/all/all/21001/street_fighting_man_jam,Street Fighting Man Jam,Cover,,2a771af9-5725-4f7c-a4f9-321981e57a0b
http://pearljam.com/music/lyrics/all/all/20761/stuff_and_nonsense,Stuff and Nonsense,Cover,,6e48bfba-6367-4866-b699-a3bfcce79d63
http://pearljam.com/music/lyrics/all/all/20762/suck_you_dry,Suck You Dry,Cover,,8b6d4cb9-2f8a-470f-bb68-5d1d68642e9d
http://pearljam.com/music/lyrics/all/all/20763/suggestion,Suggestion,Cover,,8471e403-f315-4674-9322-66ded90ca1a7
http://pearljam.com/music/lyrics/all/all/20764/summertime_rolls,Summertime Rolls,Cover,,3363f620-cb23-4b63-bf8e-20c8358c85e7
http://pearljam.com/music/lyrics/all/all/21131/supersonic,Supersonic,PJ Original,The Fixer,b65bda5f-3bc3-4a4e-a5b2-ed9194d58a1d
http://pearljam.com/music/lyrics/all/all/20765/surrender,Surrender,Cover,,13d632a9-644c-464a-b0c7-9d610bd88d3a
http://pearljam.com/music/lyrics/all/all/20766/suspicious_minds,Suspicious Minds,Cover,,a0a2ef5f-77db-4fd2-8e98-ef73c1ef3e5c
http://pearljam.com/music/lyrics/all/all/21002/swallow_my_pride,Swallow My Pride,Cover,Holiday 1995,678c1452-1207-4a8e-b541-f9c0e40a89e2
http://pearljam.com/music/lyrics/all/all/21992/swallowed_whole,Swallowed Whole,PJ Original,Lightning Bolt,c13868a1-3961-4d18-a9ce-429a72696053
http://pearljam.com/music/lyrics/all/all/20767/sweet_emotion,Sweet Emotion,Cover,,9d6a0a76-3b5b-45f4-8bf7-9438e6cde8f5
http://pearljam.com/music/lyrics/all/all/20768/sweet_home_alabama,Sweet Home Alabama,Cover,,d12ce990-5ff0-445b-acc1-5405c00f2b97
http://pearljam.com/music/lyrics/all/all/20769/sweet_jane,Sweet Jane,Cover,,3a3418a7-5cb9-44f0-ac38-62414ed6d67b
http://pearljam.com/music/lyrics/all/all/21046/sweet_lew,Sweet Lew,PJ Original,Lost Dogs,fca59283-84a0-4385-9893-1d0f1aa1427a
http://pearljam.com/music/lyrics/all/all/20770/sympathy_for_the_devil,Sympathy for The Devil,Cover,,cf1857e1-94b5-40df-9dfd-cb8a0772cf91
http://pearljam.com/music/lyrics/all/all/20771/take_control,Take Control,Cover,,0a806483-1e39-43c5-a29c-aeec6af3efaf
http://pearljam.com/music/lyrics/all/all/21003/take_me,Take Me,Cover,,4e97b59b-797c-4a5d-afdf-3082b24d5985
http://pearljam.com/music/lyrics/all/all/22957/takin_it_to_the_streets,Takin It To The Streets,Cover,,c9c6e888-b1b0-4137-86d7-68816d3e98d4
http://pearljam.com/music/lyrics/all/all/20772/talk_about_the_passion,Talk About The Passion,Cover,,500ef2f4-399b-4870-ab62-a215ce023045
http://pearljam.com/music/lyrics/all/all/20773/tearing,Tearing,Cover,,86db58c5-2b72-4751-a414-dcaa7bbc3f97
http://pearljam.com/music/lyrics/all/all/21043/thank_you,Thank You,Cover,,71028bbc-0bde-47fa-9832-174bf38e1836
http://pearljam.com/music/lyrics/all/all/21148/thats_all_right,That's All Right,Cover,,846c6111-4fc1-4702-985b-329225754125
http://pearljam.com/music/lyrics/all/all/21097/the_boys_are_back_in_town,The Boys Are Back In Town,Cover,,fa743936-5ca8-492f-89d6-050043dcf28b
http://pearljam.com/music/lyrics/all/all/21130/the_end,The End,Cover,Backspacer,2c480dda-c6fc-4f10-a058-47b960743fb7
http://pearljam.com/music/lyrics/all/all/21128/the_fixer,The Fixer,PJ Original,The Fixer,212c29f2-5a4e-400b-8ca4-2fb856c6b551
http://pearljam.com/music/lyrics/all/all/21005/the_kids_are_alright,The Kids Are Alright,Cover,Substitute: The Songs of The Who,a368f6e8-cced-430f-b3ee-40635833991f
http://pearljam.com/music/lyrics/all/all/21006/the_kkk_took_my_baby_away,The KKK Took My Baby Away,Cover,,a0043fcd-bbd6-43ab-a1c7-b86f5a2b01b0
http://pearljam.com/music/lyrics/all/all/21007/the_needle_and_the_damage_done,The Needle and The Damage Done,Cover,,0a351237-5a7a-4140-b4ed-20bb46a3be22
http://pearljam.com/music/lyrics/all/all/20774/the_new_world,The New World,Cover,Pearl Jam: Live At Easy Street,a4968c77-718e-4db4-bf9e-c364d1d3ba71
http://pearljam.com/music/lyrics/all/all/20775/the_real_me,The Real Me,Cover,,502f8797-3ce0-4be4-91bf-8730d9093c9e
http://pearljam.com/music/lyrics/all/all/21008/the_seeker,The Seeker,Cover,,523d1182-f8f1-4727-b2d6-cfc66851517b
http://pearljam.com/music/lyrics/all/all/21009/the_ship_song,The Ship Song,Cover,,d7538cbe-b041-45d4-b8b0-3ec7daac2fd6
http://pearljam.com/music/lyrics/all/all/20776/the_star-spangled_banner,The Star-Spangled Banner,Cover,,fe46f57a-3091-4f9c-acbd-2fe3e2e9b09b
http://pearljam.com/music/lyrics/all/all/21120/the_wolf,The Wolf,Cover,Into The Wild,4757142a-b454-4a32-a670-6c414df35538
http://pearljam.com/music/lyrics/all/all/20777/the_wrong_child,The Wrong Child,Cover,,83fe28b6-241e-4c1c-a8dc-d90afb271595
http://pearljam.com/music/lyrics/all/all/21010/thin_air,Thin Air,PJ Original,Binaural,cef25feb-3ae0-4bbd-8272-223715c3c63c
http://pearljam.com/music/lyrics/all/all/20778/this_boy,This Boy,Cover,,dd7cb1f8-96e8-4ee0-94e3-768a8226e90c
http://pearljam.com/music/lyrics/all/all/22201/this_could_be_(porch),This Could Be (Porch),PJ Original,,68f8b2b9-616d-4d49-ae31-8c091a21f34a
http://pearljam.com/music/lyrics/all/all/20779/three_little_birds,Three Little Birds,Cover,,6f8a0222-439a-4188-b157-6bfd07e9fd02
http://pearljam.com/music/lyrics/all/all/21011/throw_your_arms_around_me,Throw Your Arms Around Me,Cover,,0d70a475-4889-4098-ab3f-443007588199
http://pearljam.com/music/lyrics/all/all/21064/throw_your_hatred_down,Throw Your Hatred Down,Cover,Mirror Ball,0fdcb450-6519-4ef8-8b26-b71ffb58543c
http://pearljam.com/music/lyrics/all/all/21012/thumbing_my_way,Thumbing My Way,PJ Original,Riot Act,ed408b98-ccb7-4d17-a335-534f17ec21ed
http://pearljam.com/music/lyrics/all/all/20780/time_bomb,Time Bomb,Cover,,0e189723-ce1d-42a6-8213-58b7ca0aa8f9
http://pearljam.com/music/lyrics/all/all/21013/timeless_melody,Timeless Melody,Cover,,032ebe04-482f-48d3-9d93-4a77cae8dafe
http://pearljam.com/music/lyrics/all/all/21014/times_of_trouble,Times of Trouble,Cover,Pearl Jam Twenty,15e96f9e-2bea-40f7-a196-361c40962da9
http://pearljam.com/music/lyrics/all/all/20781/tonights_the_night,Tonight's The Night,Cover,,c729805a-b01f-4d2f-b7a7-f64388b8f1d9
http://pearljam.com/music/lyrics/all/all/21015/tremor_christ,Tremor Christ,PJ Original,Vitalogy,76081b40-1b60-4c32-bdb1-1c18de15e12f
http://pearljam.com/music/lyrics/all/all/21016/trouble,Trouble,Cover,,e9a12770-e8d4-410e-9806-c914d640484c
http://pearljam.com/music/lyrics/all/all/21059/truth_be_known,Truth Be Known,Cover,Mirror Ball,5a39113f-f643-413e-84e7-83e9e30eb361
http://pearljam.com/music/lyrics/all/all/21117/tuolumne,Tuolumne,Cover,Into The Wild,e6129d0f-c2e8-41bd-b2fe-3ca29e3e62ad
http://pearljam.com/music/lyrics/all/all/21017/u,U,PJ Original,Wishlist,37359c94-1f98-4c39-a505-28cdce9290e5
http://pearljam.com/music/lyrics/all/all/21018/undone,Undone,PJ Original,Lost Dogs,b43c0760-d7bd-48b5-8d49-de371cccb517
http://pearljam.com/music/lyrics/all/all/21082/unemployable,Unemployable,PJ Original,Pearl Jam,4665ff00-1255-4760-9c74-934897cf7856
http://pearljam.com/music/lyrics/all/all/20796/unknown,UNKNOWN,Cover,,d8495fee-e55b-424d-be23-2ae0a11aa16a
http://pearljam.com/music/lyrics/all/all/21136/unthought_known,Unthought Known,PJ Original,Backspacer,795aae0e-12de-45ff-bfd0-83e5c1b8a24d
http://pearljam.com/music/lyrics/all/all/21019/untitled,Untitled,PJ Original,Yield,a75803ec-d326-49b8-a216-4addde42082b
http://pearljam.com/music/lyrics/all/all/21020/voodoo_child_jam,Voodoo Child Jam,Cover,,a46343cb-0568-4e6e-b02b-d36d8eada942
http://pearljam.com/music/lyrics/all/all/20782/wma,W.M.A.,PJ Original,Vs.,4a94ab92-6529-4605-9714-e03ba9496c2b
http://pearljam.com/music/lyrics/all/all/22031/waiting_for_the_man,Waiting For The Man,Cover,,ee0bda24-2be7-46e0-a6f9-5bcfae9f4d84
http://pearljam.com/music/lyrics/all/all/21095/waiting_on_a_friend,Waiting on a Friend,Cover,,b4909cba-ad6c-42d6-b565-59d26dc37ddb
http://pearljam.com/music/lyrics/all/all/21159/walk_with_me,Walk With Me,Cover,Pearl Jam Twenty,b4edf2f4-f18a-4501-a62f-3a5d516a111f
http://pearljam.com/music/lyrics/all/all/20783/walkaway,Walkaway,Cover,,fb1d2e58-9d2b-4f42-980e-afa1253cf463
http://pearljam.com/music/lyrics/all/all/21021/walking_the_cow,Walking The Cow,Cover,,c797d678-6cc3-42ba-9f75-348ece044e70
http://pearljam.com/music/lyrics/all/all/22796/want_you_so_hard_(bad_boy_news),Want You So Hard (Bad Boy News),Cover,,da4c59fa-5a41-4140-84ff-3fec15cda13c
http://pearljam.com/music/lyrics/all/all/20784/war,War,Cover,,333ea5d0-ed18-413d-b4c0-9a7ddaf93334
http://pearljam.com/music/lyrics/all/all/21022/wash,Wash,PJ Original,Alive,63c6b4f6-22bf-450e-add6-4e8f426e7042
http://pearljam.com/music/lyrics/all/all/21090/wasted_reprise,Wasted Reprise,PJ Original,Pearl Jam,877488be-f861-4b19-994d-764fd70abb45
http://pearljam.com/music/lyrics/all/all/20785/we_want_control_of_our_bodies,We Want Control of Our Bodies,Cover,,b04382b2-68b7-41ed-bdd3-cf5301706513
http://pearljam.com/music/lyrics/all/all/21050/whale_song,Whale Song,Cover,Music For Our Mother Ocean Vol. 3,f94a9f76-1117-4ff7-a33d-a630c3e1f965
http://pearljam.com/music/lyrics/all/all/21061/what_happened_yesterday,What Happened Yesterday,Cover,Mirror Ball,e7a6827f-24f6-4602-a236-720c37300a67
http://pearljam.com/music/lyrics/all/all/20786/whats_the_use,What's The Use,Cover,,16fc0ecf-04b6-40c8-a87b-f0f85061b9ed
http://pearljam.com/music/lyrics/all/all/20787/when_the_saints_come_marching_in,When The Saints Come Marching In,Cover,,5e4ef87f-1635-46f8-8b3a-2418c23b1bf1
http://pearljam.com/music/lyrics/all/all/20788/where_do_the_children_play,Where Do The Children Play,Cover,,e31b1799-f559-4e53-bd51-68c4fb4750bc
http://pearljam.com/music/lyrics/all/all/21144/whip_it,Whip It,Cover,,38af4d5c-9e03-41dc-9aa6-f36ac8148073
http://pearljam.com/music/lyrics/all/all/21023/whipping,Whipping,PJ Original,Vitalogy,af23dcdc-6035-48c4-8a3d-73938d000b41
http://pearljam.com/music/lyrics/all/all/20789/white_girl,White Girl,Cover,,745cb5fd-2af2-4519-81c6-3f11129a4d38
http://pearljam.com/music/lyrics/all/all/21024/who_you_are,Who You Are,PJ Original,No Code,d14406a5-fa14-4e97-9135-782a71126de3
http://pearljam.com/music/lyrics/all/all/20790/why_cant_i_touch_it,Why Can't I Touch It?,Cover,,86ff27e9-76de-4d64-b6db-a6aff3cdaaaf
http://pearljam.com/music/lyrics/all/all/21025/why_go,Why Go,PJ Original,Ten,47988a65-1ac8-4733-9e7d-a583711dae05
http://pearljam.com/music/lyrics/all/all/20791/wild_thing,Wild Thing,Cover,,7fff6cd6-fe9d-4b5e-8e19-3ad858322008
http://pearljam.com/music/lyrics/all/all/20792/window_paine,Window Paine,Cover,,ff6e3b9f-385d-469f-ab7f-fb76ea9490b2
http://pearljam.com/music/lyrics/all/all/21026/wishlist,Wishlist,PJ Original,Yield,9f34d11f-6fe6-4751-aba2-6831ce31ea6f
http://pearljam.com/music/lyrics/all/all/20793/with_my_own_two_hands,With My Own Two Hands,Cover,,3558d992-b650-4b42-a9dc-443f5d79f6cb
http://pearljam.com/music/lyrics/all/all/21027/wooden_jesus,Wooden Jesus,Cover,,a8226d09-9306-4145-a4e4-ad68dba0c4a1
http://pearljam.com/music/lyrics/all/all/21079/world_wide_suicide,World Wide Suicide,PJ Original,Pearl Jam,73d6b0c3-eae4-4cef-b950-ea4e54c7f8b8
http://pearljam.com/music/lyrics/all/all/21039/yahweh,Yahweh,Cover,,fa64a5e6-4bbf-4824-8c40-9a074fb52287
http://pearljam.com/music/lyrics/all/all/21028/yeastie_girlz_rap,Yeastie Girlz rap,Cover,,fa0a6a1b-f7a3-4f20-b2a5-15a463e374ce
http://pearljam.com/music/lyrics/all/all/20794/yellow_ledbetter,Yellow Ledbetter,PJ Original,Jeremy,939bff7c-97f5-41b5-a9fa-f6bde479b6f1
http://pearljam.com/music/lyrics/all/all/21995/yellow_moon,Yellow Moon,PJ Original,Lightning Bolt,8a36f551-9253-409c-a6ad-06988d926077
http://pearljam.com/music/lyrics/all/all/21029/you_are,You Are,PJ Original,Riot Act,c58470dd-82f1-4404-b05c-8c5777439f98
http://pearljam.com/music/lyrics/all/all/21030/you_tell_me,You Tell Me,Cover,,4c6d6288-1c3b-4209-a2bf-e754ad2aa359
http://pearljam.com/music/lyrics/all/all/21105/youre_true,You're True,Cover,,f2c82035-e476-4a98-811f-0703f55f0e1a
http://pearljam.com/music/lyrics/all/all/21032/youve_got_to_hide_your_love_away,You've Got To Hide Your Love Away,Cover,,5a2c88b2-9cda-4292-b3de-e45c2a7f7464
http://pearljam.com/music/lyrics/all/all/20795/young_man_blues,Young Man Blues,Cover,,6c125cc4-745c-478f-a545-2abbc20cdecb
http://pearljam.com/music/lyrics/all/all/21031/your_saviour,Your Saviour,Cover,,be060f50-ef6e-45f6-9e7d-b2f5bd9011e7
